iso_3,year,sentiment,amount_of_time_spent_on_climate,Annual COâ‚‚ emissions (per capita),Anual co2 per capita shifted,Change co2
AFG,2013,,0.0,0.29328325,0.2802986,0.012984649999999986
AFG,2014,0.4276333333333333,0.13636363636363635,0.2802986,0.29007638,-0.009777780000000014
AFG,2015,0.7184,0.05263157894736842,0.29007638,0.2617953,0.028281080000000014
AFG,2016,,0.0,0.2617953,0.2768525,-0.015057199999999993
AFG,2017,,0.0,0.2768525,0.29487586,-0.01802335999999999
AFG,2018,,0.0,0.29487586,0.29340136,0.0014744999999999897
AFG,2019,-0.8591,0.05263157894736842,0.29340136,0.29974586,-0.006344499999999975
AFG,2020,0.014180000000000003,0.12195121951219512,0.29974586,0.29611897,0.0036268899999999937
AGO,2013,-0.12460000000000002,0.14285714285714285,0.9453697,0.9269858,0.01838390000000001
AGO,2014,-0.4019,0.037037037037037035,0.9269858,0.9076792,0.01930659999999995
AGO,2015,0.40354999999999996,0.09523809523809523,0.9076792,0.9332855,-0.02560629999999997
AGO,2016,0.9664,0.058823529411764705,0.9332855,0.8045412,0.12874430000000003
AGO,2017,0.93245,0.09090909090909091,0.8045412,0.72839534,0.07614586000000001
AGO,2018,,0.0,0.72839534,0.6743616,0.05403373999999994
AGO,2019,0.07097499999999998,0.25,0.6743616,0.60654044,0.06782116000000005
AGO,2020,0.7717,0.04,0.60654044,0.6191414,-0.012600959999999994
AGO,2021,-0.784,0.16666666666666666,0.6191414,6.1505995,-5.5314581
ALB,2013,,0.0,1.8314621,2.0802531,-0.2487910000000002
ALB,2014,,0.0,2.0802531,1.6347499,0.4455032000000001
ALB,2015,,0.0,1.6347499,1.6077313,0.027018600000000115
ALB,2016,0.9048,0.038461538461538464,1.6077313,1.9324249,-0.3246936
ALB,2017,0.1248,0.09523809523809523,1.9324249,1.7323643,0.20006060000000003
ALB,2018,,0.0,1.7323643,1.7215332,0.010831099999999871
ALB,2019,,0.0,1.7215332,1.6493919,0.07214130000000019
ALB,2020,0.055699999999999986,0.06557377049180328,1.6493919,1.618066,0.03132589999999991
ALB,2021,0.9738,0.05555555555555555,1.618066,0.0006419031,1.6174240969
ARG,2013,,0.0,4.471467,4.3993144,0.0721525999999999
ARG,2014,,0.0,4.3993144,4.4326596,-0.0333452000000003
ARG,2015,0.71315,0.046511627906976744,4.4326596,4.3491664,0.08349320000000038
ARG,2016,0.2313,0.21052631578947367,4.3491664,4.242436,0.1067304
ARG,2017,0.78075,0.10526315789473684,4.242436,4.0663075,0.1761284999999999
ARG,2018,,0.0,4.0663075,3.9894862,0.07682129999999976
ARG,2019,0.9842,0.1,3.9894862,3.7583838,0.23110240000000015
ARG,2020,0.6560666666666667,0.05084745762711865,3.7583838,4.117966,-0.3595822000000002
ARG,2021,0.05608333333333334,0.19047619047619047,4.117966,8.832011e-05,4.11787767989
ARM,2013,0.19325,0.1,1.9077103,1.9391817,-0.03147140000000004
ARM,2014,0.7001999999999999,0.05263157894736842,1.9391817,1.8999954,0.03918630000000012
ARM,2015,,0.0,1.8999954,1.8155274,0.08446799999999999
ARM,2016,,0.0,1.8155274,1.9425985,-0.1270711
ARM,2017,,0.0,1.9425985,2.0538187,-0.11122019999999999
ARM,2018,,0.0,2.0538187,2.2279305,-0.17411179999999993
ARM,2019,0.7854,0.07692307692307693,2.2279305,2.2920723,-0.06414180000000025
ARM,2020,,0.0,2.2920723,2.4385939,-0.1465215999999998
ARM,2021,,0.0,2.4385939,9.935253,-7.4966591
AZE,2013,,0.0,3.4900715,3.5258524,-0.035780900000000226
AZE,2014,,0.0,3.5258524,3.516297,0.009555400000000436
AZE,2015,0.9468,0.05263157894736842,3.516297,3.4809992,0.035297799999999935
AZE,2016,-0.945,0.06666666666666667,3.4809992,3.4361122,0.04488699999999968
AZE,2017,,0.0,3.4361122,3.4056375,0.030474700000000077
AZE,2018,0.7269,0.038461538461538464,3.4056375,3.6879482,-0.2823107
AZE,2019,-0.09639999999999999,0.09523809523809523,3.6879482,3.646883,0.041065200000000246
AZE,2020,0.8442,0.015384615384615385,3.646883,3.7324574,-0.08557440000000005
AZE,2021,0.8625,0.016666666666666666,3.7324574,0.6731087,3.0593487
BDI,2013,0.29645,0.058823529411764705,0.03921304,0.035751108,0.003461932000000001
BDI,2014,0.77685,0.12903225806451613,0.035751108,0.03674386,-0.0009927520000000065
BDI,2015,0.9009499999999999,0.07407407407407407,0.03674386,0.042871036,-0.006127175999999998
BDI,2016,,0.0,0.042871036,0.047545392,-0.004674355999999998
BDI,2017,0.028750000000000005,0.09523809523809523,0.047545392,0.05949706,-0.011951667999999999
BDI,2018,0.7795000000000001,0.08,0.05949706,0.060455058,-0.0009579980000000016
BDI,2019,-0.9138,0.03571428571428571,0.060455058,0.05377387,0.006681187999999998
BDI,2020,-0.69045,0.05263157894736842,0.05377387,0.055206448,-0.0014325779999999969
BDI,2021,,0.0,0.055206448,0.0,0.055206448
BEN,2013,0.6426625,0.2857142857142857,0.44292313,0.45182008,-0.008896950000000015
BEN,2014,0.3092,0.07547169811320754,0.45182008,0.48742136,-0.03560128000000001
BEN,2015,,0.0,0.48742136,0.5767284,-0.08930704
BEN,2016,0.006450000000000011,0.5,0.5767284,0.5867273,-0.009998899999999922
BEN,2020,0.32936666666666664,0.14285714285714285,0.5745262,0.5967434,-0.022217200000000048
BEN,2021,0.5736666666666667,0.12,0.5967434,1.1829531,-0.5862097
BFA,2013,0.95735,0.09523809523809523,0.16238222,0.16023737,0.0021448500000000037
BFA,2014,0.76,0.023255813953488372,0.16023737,0.19847102,-0.03823365000000001
BFA,2015,0.65045,0.14285714285714285,0.19847102,0.20253624,-0.004065220000000008
BFA,2016,0.52945,0.11764705882352941,0.20253624,0.22782168,-0.025285439999999992
BFA,2017,0.9349,0.047619047619047616,0.22782168,0.24262862,-0.01480693999999999
BFA,2018,0.9831,0.037037037037037035,0.24262862,0.25278836,-0.01015974
BFA,2019,-0.004299999999999989,0.2222222222222222,0.25278836,0.25038716,0.0024011999999999922
BFA,2020,0.39515,0.046511627906976744,0.25038716,0.25783187,-0.007444710000000021
BFA,2021,-0.01762857142857143,0.14583333333333334,0.25783187,0.003901299,0.253930571
BGD,2013,0.78438,0.1724137931034483,0.40121356,0.42323962,-0.02202605999999996
BGD,2014,0.38408333333333333,0.18181818181818182,0.42323962,0.4635212,-0.04028158000000004
BGD,2015,0.9455666666666667,0.21428571428571427,0.4635212,0.47685167,-0.013330469999999983
BGD,2016,0.89705,0.08695652173913043,0.47685167,0.49897504,-0.022123369999999976
BGD,2017,0.614025,0.15384615384615385,0.49897504,0.5039817,-0.005006659999999996
BGD,2018,0.7109000000000001,0.08,0.5039817,0.553767,-0.04978530000000003
BGD,2019,0.652925,0.14814814814814814,0.553767,0.5424967,0.011270299999999955
BGD,2020,-0.06155000000000005,0.05714285714285714,0.5424967,0.5501772,-0.007680499999999979
BGD,2021,0.030333333333333323,0.09375,0.5501772,0.021526476,0.528650724
BIH,2021,0.491225,0.18181818181818182,4.1475167,0.035083577,4.112433123
BLZ,2014,0.6907333333333333,0.10344827586206896,1.3310666,1.7816852,-0.4506186000000001
BLZ,2015,0.09859999999999998,0.25,1.7816852,1.6957098,0.08597540000000015
BLZ,2016,,0.0,1.6957098,1.6427774,0.05293239999999999
BLZ,2017,0.9313,0.04,1.6427774,1.582303,0.06047439999999993
BLZ,2018,0.6654,0.05,1.582303,1.8173902,-0.23508719999999994
BLZ,2019,,0.0,1.8173902,1.5564086,0.26098160000000004
BLZ,2020,0.4005714285714285,0.1320754716981132,1.5564086,1.7231431,-0.1667345
BLZ,2021,-0.8288,0.05,1.7231431,0.050984528,1.6721585719999998
BOL,2013,,0.0,1.7675234,1.8938966,-0.12637319999999996
BOL,2014,0.15534000000000003,0.18518518518518517,1.8938966,1.9154216,-0.021525000000000016
BOL,2015,0.7301000000000001,0.08108108108108109,1.9154216,2.0139298,-0.09850820000000016
BOL,2016,-0.19855,0.11764705882352941,2.0139298,2.0531883,-0.03925849999999986
BOL,2017,0.009740000000000016,0.20833333333333334,2.0531883,2.050414,0.0027743000000000073
BOL,2018,0.05779999999999996,0.11764705882352941,2.050414,1.973223,0.07719100000000001
BOL,2019,-0.50975,0.2,1.973223,1.7650218,0.20820119999999998
BOL,2020,,0.0,1.7650218,1.9306858,-0.16566400000000003
BOL,2021,0.0004499999999999689,0.17142857142857143,1.9306858,12.578107,-10.6474212
BRA,2013,0.022875000000000006,0.13333333333333333,2.639368,2.7420719,-0.10270389999999985
BRA,2014,0.7078599999999999,0.1388888888888889,2.7420719,2.5798414,0.16223050000000017
BRA,2015,0.33342499999999997,0.32,2.5798414,2.382041,0.19780039999999977
BRA,2016,0.9508,0.05,2.382041,2.3856156,-0.0035745999999998723
BRA,2017,0.8271,0.037037037037037035,2.3856156,2.2701142,0.11550139999999987
BRA,2018,0.8777,0.03225806451612903,2.2701142,2.243357,0.026757200000000037
BRA,2019,0.5524,0.05263157894736842,2.243357,2.074642,0.16871500000000017
BRA,2020,0.14557000000000003,0.18518518518518517,2.074642,2.281014,-0.206372
BRA,2021,0.176875,0.13333333333333333,2.281014,0.46250945,1.8185045499999999
BTN,2013,0.6170571428571429,0.3333333333333333,1.169958,1.2880635,-0.11810549999999997
BTN,2014,,0.0,1.2880635,1.298345,-0.010281500000000054
BTN,2015,0.8202499999999999,0.25,1.298345,1.5373211,-0.2389760999999999
BTN,2016,0.2229,0.16666666666666666,1.5373211,1.6389021,-0.10158099999999992
BTN,2017,-0.1406,0.4,1.6389021,1.770597,-0.13169490000000006
BTN,2018,-0.4653666666666667,0.2,1.770597,1.8855052,-0.11490820000000013
BTN,2019,0.8381,0.09090909090909091,1.8855052,1.9413201,-0.05581489999999989
BTN,2020,0.49243333333333333,0.057692307692307696,1.9413201,1.9576669,-0.016346799999999995
BTN,2021,0.4356,0.07575757575757576,1.9576669,0.0014162827,1.9562506173
BWA,2013,,0.0,2.5540493,3.0305324,-0.4764830999999998
BWA,2014,0.638575,0.16666666666666666,3.0305324,2.351754,0.6787783999999997
BWA,2015,0.18971666666666667,0.20689655172413793,2.351754,2.6985843,-0.3468302999999997
BWA,2016,0.3612,0.058823529411764705,2.6985843,2.9466195,-0.24803520000000034
BWA,2017,0.469275,0.14814814814814814,2.9466195,3.0612,-0.11458049999999975
BWA,2018,0.60605,0.3076923076923077,3.0612,2.7131457,0.3480542999999998
BWA,2019,0.9180999999999999,0.14814814814814814,2.7131457,2.4578147,0.255331
BWA,2020,0.17826666666666666,0.12,2.4578147,2.5111492,-0.05333450000000006
BWA,2021,-0.35714999999999997,0.2857142857142857,2.5111492,0.11390498,2.39724422
CAF,2013,,0.0,0.024414271,0.025960153,-0.0015458819999999984
CAF,2014,0.0,0.0625,0.025960153,0.037253227,-0.011293074
CAF,2015,-0.019000000000000017,0.07142857142857142,0.037253227,0.040344343,-0.003091115999999998
CAF,2016,0.368575,0.13793103448275862,0.040344343,0.043263398,-0.0029190550000000037
CAF,2017,0.85285,0.07407407407407407,0.043263398,0.043149922,0.00011347600000000124
CAF,2018,0.9668,0.047619047619047616,0.043149922,0.04360792,-0.0004579980000000011
CAF,2019,0.6429,0.1111111111111111,0.04360792,0.040097516,0.0035104040000000017
CAF,2020,,0.0,0.040097516,0.041650932,-0.001553416000000002
CAF,2021,0.73615,0.125,0.041650932,0.020963518,0.020687414
CHE,2014,,0.0,4.7917233,4.676776,0.11494729999999986
CHE,2015,0.9451,0.0625,4.676776,4.680019,-0.0032429999999994408
CHE,2016,0.9310666666666667,0.35294117647058826,4.680019,4.51728,0.1627389999999993
CHE,2017,0.7542333333333334,0.2,4.51728,4.3307433,0.18653670000000044
CHE,2018,0.9442,0.1,4.3307433,4.283443,0.04730029999999985
CHE,2019,0.9648000000000001,0.2,4.283443,3.9637132,0.3197298000000002
CHE,2020,0.9402,0.047619047619047616,3.9637132,4.019106,-0.05539279999999991
CHE,2021,0.4978,0.18181818181818182,4.019106,0.0013487368,4.0177572632
CHL,2013,0.8555,0.03125,4.6680274,4.3868027,0.2812247000000001
CHL,2014,0.6099,0.15384615384615385,4.3868027,4.575039,-0.1882363000000007
CHL,2015,0.694,0.35714285714285715,4.575039,4.658468,-0.08342899999999975
CHL,2016,0.8092999999999999,0.15384615384615385,4.658468,4.5770864,0.08138160000000028
CHL,2017,0.7352333333333334,0.21428571428571427,4.5770864,4.5166917,0.0603946999999998
CHL,2018,0.31119285714285716,0.358974358974359,4.5166917,4.8300643,-0.3133726000000001
CHL,2019,0.44500625,0.6153846153846154,4.8300643,4.3436484,0.4864158999999999
CHL,2020,0.30974166666666664,0.22641509433962265,4.3436484,4.3834257,-0.039777299999999904
CHL,2021,-0.004258333333333337,0.19047619047619047,4.3834257,0.0,4.3834257
CIV,2013,0.7664500000000001,0.13333333333333333,0.43080035,0.4306582,0.00014215000000000755
CIV,2014,0.7092428571428572,0.2692307692307692,0.4306582,0.40491787,0.025740329999999978
CIV,2015,0.7769199999999999,0.2777777777777778,0.40491787,0.49487668,-0.08995881
CIV,2016,0.9501,0.09090909090909091,0.49487668,0.48301277,0.011863910000000033
CIV,2017,0.20065,0.125,0.48301277,0.40607384,0.07693892999999996
CIV,2018,,0.0,0.40607384,0.40290913,0.003164710000000015
CIV,2019,0.19015,0.3076923076923077,0.40290913,0.4089189,-0.00600976999999997
CIV,2020,,0.0,0.4089189,0.42603302,-0.01711412000000001
CIV,2021,0.8629749999999999,0.10256410256410256,0.42603302,0.0021967404,0.4238362796
CMR,2013,0.805075,0.14814814814814814,0.3628516,0.3933485,-0.030496899999999993
CMR,2014,0.50335,0.26666666666666666,0.3933485,0.42805457,-0.03470607000000003
CMR,2016,0.8685333333333333,0.375,0.41930938,0.39328888,0.026020500000000002
CMR,2017,0.1546,0.23076923076923078,0.39328888,0.38417488,0.009114000000000011
CMR,2018,0.9413,0.05,0.38417488,0.36865783,0.015517049999999977
CMR,2019,0.40085,0.18181818181818182,0.36865783,0.34001195,0.028645880000000012
CMR,2020,0.473,0.08,0.34001195,0.3418291,-0.0018171499999999896
COD,2013,0.4375,0.15789473684210525,0.048156023,0.060904752,-0.012748729
COD,2014,,0.0,0.060904752,0.035504702,0.02540005
COD,2015,0.51346,0.22727272727272727,0.035504702,0.024734175,0.010770526999999998
COD,2016,0.5719,0.05,0.024734175,0.02935178,-0.004617605
COD,2017,0.8779,0.06666666666666667,0.02935178,0.028385177,0.0009666029999999999
COD,2018,,0.0,0.028385177,0.02897969,-0.0005945129999999979
COD,2019,0.38093333333333335,0.1875,0.02897969,0.026739864,0.0022398260000000003
COD,2020,0.5330666666666667,0.16666666666666666,0.026739864,0.027182981,-0.0004431169999999998
COD,2021,0.9269499999999999,0.038461538461538464,0.027182981,0.09695444,-0.06977145900000001
COG,2013,0.20531000000000002,0.3125,1.2204231,1.1061119,0.11431120000000017
COG,2014,0.27885,0.24,1.1061119,1.1180669,-0.01195500000000016
COG,2015,0.9635,0.0625,1.1180669,1.1201208,-0.002053899999999942
COG,2016,0.8225,0.1,1.1201208,1.0733956,0.04672520000000002
COG,2017,0.8709666666666666,0.23076923076923078,1.0733956,1.2123058,-0.13891019999999998
COG,2018,0.12719999999999998,0.18181818181818182,1.2123058,1.3178641,-0.1055583
COG,2019,0.02560000000000001,0.16666666666666666,1.3178641,1.3205227,-0.0026585999999999554
COG,2020,-0.5106,0.034482758620689655,1.3205227,1.2790622,0.0414604999999999
COG,2021,0.10842,0.3333333333333333,1.2790622,0.5472468,0.7318154
COL,2013,0.8591,0.06666666666666667,1.9054631,2.0964537,-0.19099060000000012
COL,2014,,0.0,2.0964537,2.026165,0.07028869999999987
COL,2015,0.9468,0.1111111111111111,2.026165,2.0730493,-0.04688429999999988
COL,2016,0.3731,0.13333333333333333,2.0730493,1.6480842,0.4249651000000001
COL,2017,0.9182,0.045454545454545456,1.6480842,1.6727245,-0.02464029999999995
COL,2018,,0.0,1.6727245,1.9215612,-0.24883670000000002
COL,2019,0.8460333333333333,0.10344827586206896,1.9215612,1.6792564,0.24230479999999988
COL,2020,0.17806666666666668,0.08823529411764706,1.6792564,1.7800757,-0.10081929999999995
COL,2021,0.92465,0.06060606060606061,1.7800757,0.057472706,1.722602994
COM,2013,,0.0,0.26193994,0.22559777,0.03634216999999998
COM,2014,0.9855,0.06666666666666667,0.22559777,0.24586529,-0.020267519999999983
COM,2015,0.4635,0.3076923076923077,0.24586529,0.28968737,-0.04382208000000001
COM,2016,0.919,0.23529411764705882,0.28968737,0.35116428,-0.061476909999999996
COM,2017,0.8875,0.08333333333333333,0.35116428,0.37757528,-0.026411000000000018
COM,2018,0.6287666666666667,0.1111111111111111,0.37757528,0.39373294,-0.016157659999999963
COM,2019,0.75975,0.1111111111111111,0.39373294,0.35040462,0.043328319999999976
COM,2020,0.7677,0.041666666666666664,0.35040462,0.3629009,-0.012496280000000026
COM,2021,0.9451,0.045454545454545456,0.3629009,0.18158779,0.18131311000000003
CPV,2013,0.43124285714285715,0.30434782608695654,0.9160865,0.89237714,0.023709360000000013
CPV,2014,0.32847499999999996,0.21052631578947367,0.89237714,0.889177,0.003200140000000018
CPV,2015,0.4404,0.09090909090909091,0.889177,0.9645576,-0.07538060000000002
CPV,2016,0.603,0.125,0.9645576,1.0246974,-0.060139799999999966
CPV,2017,0.8586666666666667,0.15,1.0246974,1.0198998,0.0047976000000000685
CPV,2018,0.6124,0.07692307692307693,1.0198998,1.0603964,-0.040496599999999994
CPV,2019,0.7810666666666667,0.25,1.0603964,1.0728298,-0.01243340000000015
CPV,2020,-0.0045499999999999985,0.0625,1.0728298,1.1356577,-0.06282790000000005
CPV,2021,0.4215,0.038461538461538464,1.1356577,0.05993918,1.0757185200000001
CRI,2013,0.4731,0.1935483870967742,1.5927062,1.5994716,-0.0067653999999999215
CRI,2014,,0.0,1.5994716,1.5129023,0.08656930000000007
CRI,2015,,0.0,1.5129023,1.6183865,-0.10548420000000003
CRI,2016,0.636375,0.10526315789473684,1.6183865,1.6416271,-0.023240600000000056
CRI,2017,0.91715,0.13043478260869565,1.6416271,1.6325939,0.009033199999999963
CRI,2018,,0.0,1.6325939,1.583944,0.048649900000000024
CRI,2019,0.91,0.05555555555555555,1.583944,1.3823137,0.20163029999999993
CRI,2020,0.0829,0.045454545454545456,1.3823137,1.5171846,-0.1348708999999999
CRI,2021,0.11272499999999999,0.21052631578947367,1.5171846,0.0,1.5171846
CUB,2013,,0.0,2.4841857,2.4363027,0.047882999999999676
CUB,2014,-0.296,0.03333333333333333,2.4363027,2.598672,-0.16236929999999994
CUB,2015,,0.0,2.598672,2.4915743,0.10709770000000018
CUB,2016,0.8316,0.043478260869565216,2.4915743,2.224568,0.2670062999999998
CUB,2017,-0.6325,0.0425531914893617,2.224568,1.997767,0.22680100000000003
CUB,2018,-0.3369,0.05714285714285714,1.997767,2.0184536,-0.02068659999999989
CUB,2019,0.9571,0.04,2.0184536,1.7461034,0.2723502
CUB,2020,,0.0,1.7461034,1.9595414,-0.21343800000000002
CUB,2021,-0.08297500000000001,0.07692307692307693,1.9595414,61.069042,-59.109500600000004
DJI,2015,0.3174333333333333,0.13043478260869565,0.42895317,0.3714898,0.057463370000000014
DJI,2017,0.6771,0.10526315789473684,0.37660372,0.36402908,0.01257463999999997
DJI,2018,0.9389000000000001,0.11764705882352941,0.36402908,0.36555248,-0.001523400000000008
DJI,2019,-0.24275000000000002,0.21052631578947367,0.36555248,0.33325964,0.03229283999999999
DJI,2020,0.34,0.03225806451612903,0.33325964,0.34297308,-0.009713439999999962
DJI,2021,0.458,0.16666666666666666,0.34297308,0.072721496,0.270251584
DNK,2020,0.11841428571428571,0.23333333333333334,4.854752,5.0522227,-0.19747069999999933
DOM,2013,0.48769999999999997,0.5,2.0938118,2.1202457,-0.026433899999999788
DOM,2014,0.0,0.0625,2.1202457,2.257829,-0.13758330000000019
DOM,2015,0.7564142857142857,0.5833333333333334,2.257829,2.3409507,-0.08312169999999997
DOM,2016,0.6102000000000001,0.2777777777777778,2.3409507,2.2556932,0.08525749999999999
DOM,2017,0.8008,0.2222222222222222,2.2556932,2.3924725,-0.13677929999999971
DOM,2018,0.31108,0.22727272727272727,2.3924725,2.6059487,-0.21347620000000012
DOM,2019,0.31958000000000003,0.3125,2.6059487,2.3982394,0.20770929999999987
DOM,2020,0.5734,0.06666666666666667,2.3982394,2.6014054,-0.20316599999999996
DOM,2021,-0.4588,0.05555555555555555,2.6014054,0.17722899,2.42417641
DZA,2013,0.8047,0.041666666666666664,3.7048435,3.9030473,-0.19820379999999993
DZA,2014,0.41455,0.06896551724137931,3.9030473,4.0484247,-0.1453774000000001
DZA,2015,0.7564500000000001,0.13333333333333333,4.0484247,3.9353251,0.11309959999999997
DZA,2016,,0.0,3.9353251,4.0453415,-0.11001640000000013
DZA,2017,,0.0,4.0453415,4.1479607,-0.10261919999999947
DZA,2018,,0.0,4.1479607,4.2033315,-0.055370800000000386
DZA,2019,-0.5013666666666666,0.16666666666666666,4.2033315,3.9700308,0.23330070000000003
DZA,2020,,0.0,3.9700308,3.9899774,-0.019946599999999926
DZA,2021,,0.0,3.9899774,0.0,3.9899774
ECU,2013,0.10115,0.09523809523809523,2.522102,2.7404044,-0.21830240000000023
ECU,2014,0.44670000000000004,0.05172413793103448,2.7404044,2.5485291,0.19187529999999997
ECU,2015,0.34525,0.42857142857142855,2.5485291,2.4439662,0.1045628999999999
ECU,2016,-0.015199999999999991,0.15789473684210525,2.4439662,2.4001715,0.0437947000000003
ECU,2017,0.010666666666666677,0.1875,2.4001715,2.2476408,0.1525306999999998
ECU,2018,0.5009250000000001,0.11428571428571428,2.2476408,2.321556,-0.07391520000000007
ECU,2019,0.8957,0.047619047619047616,2.321556,1.9590796,0.36247640000000025
ECU,2020,-0.23646666666666669,0.05454545454545454,1.9590796,2.321741,-0.3626613999999999
ECU,2021,0.9635,0.05263157894736842,2.321741,0.00095592125,2.3207850787499997
EGY,2013,0.7717,0.03225806451612903,2.2641215,2.3736145,-0.10949300000000006
EGY,2014,,0.0,2.3736145,2.2970836,0.07653089999999985
EGY,2015,0.9098999999999999,0.09523809523809523,2.2970836,2.399037,-0.10195339999999975
EGY,2016,0.71336,0.16666666666666666,2.399037,2.5553803,-0.15634330000000007
EGY,2017,0.9597,0.03333333333333333,2.5553803,2.3511283,0.20425199999999988
EGY,2018,,0.0,2.3511283,2.4251409,-0.0740126000000001
EGY,2019,,0.0,2.4251409,2.194384,0.23075690000000026
EGY,2020,,0.0,2.194384,2.2846344,-0.09025039999999995
EGY,2021,0.054700000000000026,0.08695652173913043,2.2846344,0.12255758,2.16207682
ERI,2013,,0.0,0.18833019,0.189983,-0.0016528100000000046
ERI,2014,,0.0,0.189983,0.18898953,0.000993470000000024
ERI,2015,-0.9531,0.14285714285714285,0.18898953,0.19178715,-0.0027976200000000007
ERI,2016,,0.0,0.19178715,0.20732054,-0.015533390000000008
ERI,2017,0.9515,0.1,0.20732054,0.24099113,-0.03367059
ERI,2018,,0.0,0.24099113,0.24450994,-0.003518810000000011
ERI,2019,0.8608,0.1111111111111111,0.24450994,0.22023872,0.02427122000000001
ERI,2020,,0.0,0.22023872,0.22666506,-0.006426340000000003
ERI,2021,,0.0,0.22666506,0.0004908724,0.2261741876
ESP,2020,-0.08999999999999997,0.12727272727272726,4.504277,4.9202914,-0.4160143999999999
ESP,2021,0.36766,0.09803921568627451,4.9202914,0.20473449,4.71555691
ETH,2013,0.20759999999999998,0.19444444444444445,0.10074771,0.12047053,-0.019722820000000002
ETH,2014,0.992,0.1111111111111111,0.12047053,0.123901345,-0.00343081499999999
ETH,2015,,0.0,0.123901345,0.1362616,-0.012360255000000014
ETH,2016,0.34885,0.3076923076923077,0.1362616,0.14370508,-0.007443480000000002
ETH,2017,0.5104166666666666,0.5,0.14370508,0.14224885,0.0014562300000000028
ETH,2018,,0.0,0.14224885,0.16033709,-0.018088239999999978
ETH,2019,0.658325,0.23529411764705882,0.16033709,0.14541018,0.014926909999999988
ETH,2020,0.06717999999999999,0.2631578947368421,0.14541018,0.14792238,-0.0025121999999999922
ETH,2021,0.23646666666666669,0.1111111111111111,0.14792238,0.06221011,0.08571227
FJI,2013,0.346925,0.13333333333333333,1.1351389,1.2885965,-0.15345759999999986
FJI,2014,,0.0,1.2885965,1.3542126,-0.06561610000000018
FJI,2015,,0.0,1.3542126,1.2806851,0.07352750000000019
FJI,2016,0.4491,0.041666666666666664,1.2806851,1.4233043,-0.14261920000000017
FJI,2017,0.9682333333333334,0.1875,1.4233043,1.4750098,-0.05170549999999996
FJI,2018,0.9224666666666667,0.11538461538461539,1.4750098,1.4798502,-0.004840399999999967
FJI,2019,0.14227999999999996,0.2777777777777778,1.4798502,1.5544984,-0.07464819999999994
FJI,2020,-0.03365,0.16,1.5544984,1.5902857,-0.035787299999999966
FJI,2021,0.10587777777777779,0.225,1.5902857,0.021156946,1.5691287539999998
FRA,2019,0.45494736842105266,0.3958333333333333,4.9128566,4.342917,0.5699395999999997
FRA,2020,0.954375,0.09523809523809523,4.342917,4.7413116,-0.3983946000000005
FRA,2021,0.24445999999999998,0.08196721311475409,4.7413116,0.0,4.7413116
GAB,2013,0.69912,0.09803921568627451,3.1157205,3.238363,-0.12264249999999999
GAB,2014,0.739225,0.12121212121212122,3.238363,3.1922517,0.04611130000000019
GAB,2015,0.6910999999999999,0.17391304347826086,3.1922517,3.1260996,0.06615210000000005
GAB,2016,0.71384,0.2631578947368421,3.1260996,2.9369884,0.1891111999999997
GAB,2017,0.24855,0.19047619047619047,2.9369884,2.7335813,0.20340710000000017
GAB,2018,0.22865000000000002,0.25,2.7335813,2.557198,0.1763832999999999
GAB,2019,0.78425,0.3,2.557198,2.483145,0.07405300000000015
GAB,2020,0.48904,0.08771929824561403,2.483145,2.4399939,0.043151099999999776
GAB,2021,0.41988333333333333,0.1935483870967742,2.4399939,0.047771625,2.392222275
GBR,2020,0.9076,0.02857142857142857,4.8652816,5.1540995,-0.28881789999999974
GEO,2013,,0.0,2.1163492,2.368345,-0.2519958
GEO,2014,-0.1779,0.022727272727272728,2.368345,2.5870674,-0.21872239999999987
GEO,2015,,0.0,2.5870674,2.6696846,-0.08261720000000006
GEO,2016,0.9849,0.08333333333333333,2.6696846,2.6969206,-0.027235999999999816
GEO,2017,,0.0,2.6969206,2.6674635,0.02945709999999968
GEO,2018,,0.0,2.6674635,2.8959723,-0.22850879999999973
GEO,2019,0.13982499999999998,0.1,2.8959723,2.8387778,0.05719450000000004
GEO,2020,,0.0,2.8387778,2.929708,-0.0909302000000003
GEO,2021,,0.0,2.929708,0.044171557,2.8855364430000003
GHA,2013,0.5267,0.034482758620689655,0.52096695,0.53110343,-0.010136480000000003
GHA,2014,0.765,0.02857142857142857,0.53110343,0.5550984,-0.02399496999999995
GHA,2015,0.6789499999999999,0.09523809523809523,0.5550984,0.5265697,0.028528699999999962
GHA,2016,0.9776666666666666,0.09090909090909091,0.5265697,0.46136278,0.06520692000000006
GHA,2017,0.45189999999999997,0.21428571428571427,0.46136278,0.55408466,-0.09272188000000003
GHA,2018,,0.0,0.55408466,0.59343636,-0.03935169999999999
GHA,2019,0.12605,0.2222222222222222,0.59343636,0.61075526,-0.017318900000000026
GHA,2020,0.2732,0.05,0.61075526,0.64912677,-0.03837150999999994
GHA,2021,0.743,0.06666666666666667,0.64912677,0.047250953,0.6018758169999999
GIN,2013,0.7838499999999999,0.08,0.19089836,0.19106634,-0.000167980000000012
GIN,2014,0.9941,0.03125,0.19106634,0.2108391,-0.01977276
GIN,2015,0.8352333333333334,0.21428571428571427,0.2108391,0.22975393,-0.018914829999999994
GIN,2016,-0.4828,0.05555555555555555,0.22975393,0.26460513,-0.03485120000000003
GIN,2017,,0.0,0.26460513,0.29358995,-0.028984819999999967
GIN,2018,,0.0,0.29358995,0.34430987,-0.05071992000000003
GIN,2019,0.9595,0.1111111111111111,0.34430987,0.34325704,0.0010528300000000046
GIN,2020,,0.0,0.34325704,0.35780457,-0.014547529999999975
GIN,2021,0.9551,0.0625,0.35780457,0.013484941,0.344319629
GMB,2013,-0.7494000000000001,0.09523809523809523,0.20002297,0.23098522,-0.030962249999999997
GMB,2014,0.08607142857142856,0.12280701754385964,0.23098522,0.25856218,-0.027576959999999984
GMB,2017,,0.0,0.24927379,0.24277644,0.006497349999999985
GMB,2018,,0.0,0.24277644,0.23950748,0.003268960000000015
GMB,2019,0.33624,0.1282051282051282,0.23950748,0.2384809,0.0010265799999999992
GMB,2020,0.7819499999999999,0.05555555555555555,0.2384809,0.24837817,-0.009897270000000014
GMB,2021,,0.0,0.24837817,6.383903e-05,0.24831433097
GNB,2013,0.4559,0.04878048780487805,0.14459549,0.14922349,-0.004627999999999993
GNB,2014,0.26770000000000005,0.11428571428571428,0.14922349,0.15565944,-0.006435950000000024
GNB,2015,0.9477,0.08333333333333333,0.15565944,0.1657689,-0.010109459999999987
GNB,2016,0.6280333333333333,0.14285714285714285,0.1657689,0.1617759,0.0039929999999999966
GNB,2017,,0.0,0.1617759,0.16179088,-1.4979999999997773e-05
GNB,2018,0.6124,0.1111111111111111,0.16179088,0.16363285,-0.0018419699999999983
GNB,2019,0.78685,0.09523809523809523,0.16363285,0.16339748,0.00023536999999998476
GNB,2020,0.4939,0.038461538461538464,0.16339748,0.17073512,-0.007337639999999979
GNB,2021,,0.0,0.17073512,0.62275034,-0.45201521999999994
GNQ,2018,,0.0,4.000029,2.986391,1.0136379999999998
GNQ,2019,-0.80765,0.14285714285714285,2.986391,3.125901,-0.13951000000000002
GNQ,2020,-0.7506,0.043478260869565216,3.125901,3.1966193,-0.07071830000000023
GNQ,2021,,0.0,3.1966193,0.020740744,3.1758785560000002
GTM,2013,0.989,0.047619047619047616,0.830705,0.87993693,-0.049231929999999924
GTM,2014,0.4906,0.125,0.87993693,0.9969242,-0.11698727000000009
GTM,2015,0.22055000000000002,0.09090909090909091,0.9969242,1.0390084,-0.042084199999999905
GTM,2016,0.8815,0.047619047619047616,1.0390084,1.0447445,-0.005736100000000022
GTM,2017,,0.0,1.0447445,1.1092327,-0.0644882
GTM,2018,,0.0,1.1092327,1.1552123,-0.04597960000000012
GTM,2019,0.36135,0.06896551724137931,1.1552123,1.0134118,0.1418005
GTM,2020,-0.032666666666666656,0.08823529411764706,1.0134118,1.1543926,-0.1409807999999999
GTM,2021,0.8151333333333334,0.11538461538461539,1.1543926,0.0,1.1543926
GUY,2013,0.31398750000000003,0.26666666666666666,2.5491288,2.6254196,-0.07629079999999977
GUY,2014,0.355675,0.38095238095238093,2.6254196,2.653274,-0.02785440000000028
GUY,2015,,0.0,2.653274,3.0893745,-0.4361004999999998
GUY,2016,0.6366666666666667,0.13636363636363635,3.0893745,3.0389013,0.050473199999999885
GUY,2017,0.003699999999999981,0.13333333333333333,3.0389013,3.1584024,-0.11950109999999992
GUY,2018,,0.0,3.1584024,3.4179611,-0.2595586999999999
GUY,2019,0.9408,0.037037037037037035,3.4179611,4.002681,-0.5847199000000001
GUY,2020,0.308,0.0967741935483871,4.002681,3.837854,0.16482699999999983
GUY,2021,-0.33749999999999997,0.26666666666666666,3.837854,0.03497863,3.80287537
HND,2013,,0.0,1.0451132,1.0387152,0.006398000000000126
HND,2014,0.7322,0.17391304347826086,1.0387152,1.1133431,-0.07462790000000008
HND,2015,,0.0,1.1133431,1.0276414,0.08570169999999999
HND,2016,0.3254,0.16666666666666666,1.0276414,1.0628078,-0.03516640000000004
HND,2017,-0.24619999999999997,0.25,1.0628078,1.0069852,0.05582260000000017
HND,2018,,0.0,1.0069852,1.1278571,-0.12087190000000003
HND,2019,0.38107500000000005,0.21052631578947367,1.1278571,0.9725754,0.15528169999999997
HND,2020,0.47209999999999996,0.07692307692307693,0.9725754,1.060269,-0.08769359999999993
HND,2021,-0.6787,0.047619047619047616,1.060269,0.035799727,1.0244692729999998
HRV,2013,0.4657,0.08108108108108109,4.277748,4.1273804,0.15036760000000005
HRV,2014,0.09866666666666667,0.15,4.1273804,4.1892962,-0.06191580000000041
HRV,2015,0.524275,0.12903225806451613,4.1892962,4.2874274,-0.09813120000000009
HRV,2016,0.3182,0.03333333333333333,4.2874274,4.470874,-0.1834465999999999
HRV,2017,0.5497333333333333,0.12,4.470874,4.2601137,0.21076030000000046
HRV,2018,0.8848,0.05,4.2601137,4.3240995,-0.0639858000000002
HRV,2019,,0.0,4.3240995,4.1179047,0.20619479999999957
HRV,2020,0.2554666666666667,0.0989010989010989,4.1179047,4.3598137,-0.2419089999999997
HRV,2021,0.9382,0.041666666666666664,4.3598137,0.015872668,4.343941032
HTI,2013,0.169875,0.10526315789473684,0.26373607,0.25974187,0.003994200000000003
HTI,2014,0.0,0.058823529411764705,0.25974187,0.25186643,0.007875440000000011
HTI,2015,,0.0,0.25186643,0.27809986,-0.026233430000000002
HTI,2016,-0.0672,0.125,0.27809986,0.2853974,-0.007297540000000047
HTI,2017,0.9594,0.03571428571428571,0.2853974,0.30614442,-0.02074701999999995
HTI,2018,-0.070775,0.2222222222222222,0.30614442,0.27352905,0.03261536999999998
HTI,2019,0.7061000000000001,0.14285714285714285,0.27352905,0.23151909,0.042009959999999985
HTI,2020,-0.035750000000000004,0.17391304347826086,0.23151909,0.25122553,-0.019706439999999964
HTI,2021,-0.332,0.058823529411764705,0.25122553,0.05698596,0.19423956999999997
HUN,2013,0.5333,0.10526315789473684,4.407595,4.4315224,-0.02392740000000071
HUN,2014,0.0828125,0.6153846153846154,4.4315224,4.739159,-0.3076365999999995
HUN,2015,0.1531,0.05263157894736842,4.739159,4.800059,-0.060900000000000176
HUN,2016,,0.0,4.800059,5.058283,-0.25822400000000023
HUN,2020,0.07831428571428571,0.25925925925925924,4.8494077,4.9902883,-0.14088059999999913
HUN,2021,,0.0,4.9902883,0.0,4.9902883
IDN,2013,0.4496,0.15384615384615385,1.9309183,1.9041111,0.026807200000000142
IDN,2014,0.28452,0.25,1.9041111,2.0809183,-0.17680720000000005
IDN,2015,0.4244,0.13333333333333333,2.0809183,2.1105638,-0.02964549999999999
IDN,2016,0.76928,0.3125,2.1105638,2.14464,-0.03407619999999989
IDN,2017,0.9049333333333333,0.1875,2.14464,2.260322,-0.11568200000000006
IDN,2018,0.7931,0.1111111111111111,2.260322,2.4461334,-0.18581139999999996
IDN,2019,0.8213,0.15384615384615385,2.4461334,2.2430317,0.20310169999999994
IDN,2020,-0.3712,0.05660377358490566,2.2430317,2.2621746,-0.01914289999999985
IDN,2021,0.07878,0.1724137931034483,2.2621746,0.00034123307,2.26183336693
IND,2013,,0.0,1.5780071,1.6732446,-0.09523750000000009
IND,2014,-0.9628,0.04,1.6732446,1.7165496,-0.04330499999999993
IND,2015,0.95615,0.08333333333333333,1.7165496,1.7807794,-0.06422979999999989
IND,2016,0.8152666666666667,0.2608695652173913,1.7807794,1.7980177,-0.01723830000000004
IND,2017,0.16916,0.2,1.7980177,1.8995181,-0.10150040000000016
IND,2018,0.7839,0.09523809523809523,1.8995181,1.8989491,0.0005690000000000417
IND,2019,0.785,0.1,1.8989491,1.7509557,0.14799340000000005
IND,2020,-0.1591,0.02564102564102564,1.7509557,1.9250876,-0.1741318999999999
IND,2021,0.30390000000000006,0.1,1.9250876,0.000109834225,1.9249777657749998
IRQ,2013,,0.0,4.646068,4.542074,0.10399399999999925
IRQ,2014,-0.2257,0.125,4.542074,4.45509,0.08698400000000017
IRQ,2015,0.8849666666666667,0.2,4.45509,5.0134673,-0.5583773000000001
IRQ,2019,,0.0,4.5027084,4.0770516,0.4256568000000005
IRQ,2020,,0.0,4.0770516,4.262931,-0.18587940000000014
IRQ,2021,-0.3172,0.14285714285714285,4.262931,0.0574213,4.2055097
JAM,2013,-0.8074666666666667,0.16666666666666666,3.0623262,2.7643518,0.2979744000000002
JAM,2014,0.7374666666666667,0.10714285714285714,2.7643518,2.8624215,-0.09806969999999993
JAM,2015,0.8639,0.04,2.8624215,2.9127038,-0.05028230000000011
JAM,2016,,0.0,2.9127038,2.7765203,0.1361835
JAM,2017,0.9400999999999999,0.07142857142857142,2.7765203,2.8758495,-0.09932920000000012
JAM,2018,0.9434,0.09523809523809523,2.8758495,2.7803972,0.09545230000000027
JAM,2019,-0.012299999999999978,0.09523809523809523,2.7803972,2.4618556,0.3185416000000001
JAM,2020,-0.4664,0.038461538461538464,2.4618556,2.7194328,-0.25757720000000006
JAM,2021,0.37820000000000004,0.07407407407407407,2.7194328,0.0003208706,2.7191119294
JOR,2013,,0.0,3.095357,2.9913085,0.10404849999999977
JOR,2014,,0.0,2.9913085,2.6918647,0.29944380000000015
JOR,2015,,0.0,2.6918647,2.434076,0.25778869999999987
JOR,2016,,0.0,2.434076,2.4892416,-0.05516560000000004
JOR,2017,,0.0,2.4892416,2.3862228,0.10301880000000008
JOR,2018,,0.0,2.3862228,2.4608672,-0.07464439999999994
JOR,2019,0.8383,0.08333333333333333,2.4608672,2.2822576,0.17860960000000015
JOR,2020,0.91,0.06666666666666667,2.2822576,2.2957532,-0.013495600000000163
JOR,2021,-0.4626,0.1,2.2957532,0.0005432069,2.2952099931
KEN,2014,0.2743166666666667,0.24,0.30287915,0.3478116,-0.04493245000000001
KEN,2015,0.3474083333333333,0.46153846153846156,0.3478116,0.3631004,-0.015288799999999991
KEN,2016,0.3820666666666666,0.11538461538461539,0.3631004,0.34768176,0.015418639999999983
KEN,2017,-0.4019,0.05263157894736842,0.34768176,0.36372316,-0.016041399999999983
KEN,2018,,0.0,0.36372316,0.37638173,-0.012658570000000036
KEN,2019,0.7865333333333333,0.16666666666666666,0.37638173,0.3515545,0.024827230000000033
KEN,2020,0.3913857142857143,0.14893617021276595,0.3515545,0.37496784,-0.023413340000000005
KEN,2021,0.70155,0.11764705882352941,0.37496784,0.151731,0.22323684
KGZ,2013,0.8625,0.041666666666666664,1.6886444,1.7362708,-0.04762639999999996
KGZ,2014,0.43585,0.1111111111111111,1.7362708,1.7377696,-0.0014988000000000223
KGZ,2015,0.7645,0.024390243902439025,1.7377696,1.6028153,0.13495429999999997
KGZ,2016,-0.4357,0.043478260869565216,1.6028153,1.5271472,0.07566810000000013
KGZ,2017,0.0,0.06666666666666667,1.5271472,1.7842895,-0.25714230000000016
KGZ,2018,,0.0,1.7842895,1.4280186,0.35627090000000017
KGZ,2019,0.3818,0.038461538461538464,1.4280186,1.3212234,0.10679519999999987
KGZ,2020,,0.0,1.3212234,1.4259297,-0.10470629999999992
KGZ,2021,0.7096,0.043478260869565216,1.4259297,0.01354608,1.41238362
KHM,2013,0.1848166666666667,0.2,0.37578973,0.44930223,-0.07351250000000004
KHM,2014,0.12386666666666664,0.41379310344827586,0.44930223,0.5426039,-0.09330167
KHM,2015,0.63115,0.25,0.5426039,0.6990081,-0.1564042
KHM,2016,0.76722,0.2631578947368421,0.6990081,0.78991115,-0.09090304999999999
KHM,2017,0.36629999999999996,0.2,0.78991115,0.89784485,-0.10793370000000002
KHM,2018,0.9074500000000001,0.15384615384615385,0.89784485,1.1121005,-0.2142556499999999
KHM,2019,0.9451,0.07692307692307693,1.1121005,1.1406623,-0.02856180000000008
KHM,2020,0.40759999999999996,0.10714285714285714,1.1406623,1.1470591,-0.006396800000000091
KHM,2021,0.632,0.18181818181818182,1.1470591,0.032260824,1.1147982760000001
LAO,2013,0.29833333333333334,0.12,0.6455582,0.6649802,-0.01942200000000005
LAO,2014,0.861,0.1,0.6649802,1.3597585,-0.6947783000000001
LAO,2015,0.81515,0.14285714285714285,1.3597585,2.3882232,-1.0284647
LAO,2016,0.8563000000000001,0.13333333333333333,2.3882232,2.812812,-0.4245888
LAO,2017,0.8279,0.06666666666666667,2.812812,2.893467,-0.0806549999999997
LAO,2018,-0.02705000000000002,0.15384615384615385,2.893467,2.7171376,0.17632939999999975
LAO,2019,0.17930000000000001,0.2,2.7171376,2.7991104,-0.08197279999999996
LAO,2020,0.20984999999999998,0.15384615384615385,2.7991104,2.7982957,0.000814699999999835
LAO,2021,0.9719,0.08333333333333333,2.7982957,0.00017552492,2.79812017508
LBN,2013,,0.0,3.9027882,3.82383,0.07895819999999976
LBN,2014,,0.0,3.82383,4.0216894,-0.19785939999999957
LBN,2015,,0.0,4.0216894,4.227318,-0.20562860000000072
LBN,2016,0.9286,0.058823529411764705,4.227318,4.55805,-0.33073199999999936
LBN,2017,,0.0,4.55805,4.403218,0.15483199999999986
LBN,2018,,0.0,4.403218,4.5660133,-0.16279529999999998
LBN,2019,0.9056500000000001,0.15384615384615385,4.5660133,4.321998,0.24401530000000005
LBN,2020,,0.0,4.321998,4.462823,-0.14082500000000042
LBN,2021,,0.0,4.462823,0.8187464,3.6440766
LBR,2013,0.31972,0.3125,0.19747052,0.26283562,-0.06536509999999998
LBR,2014,0.6027,0.15151515151515152,0.26283562,0.26089266,0.0019429599999999936
LBR,2015,,0.0,0.26089266,0.28766924,-0.026776579999999994
LBR,2016,0.8595999999999999,0.16666666666666666,0.28766924,0.2560038,0.03166543999999999
LBR,2017,0.5106,0.045454545454545456,0.2560038,0.2212218,0.03478200000000001
LBR,2018,,0.0,0.2212218,0.22192731,-0.0007055099999999925
LBR,2019,0.7783,0.045454545454545456,0.22192731,0.22159466,0.0003326499999999899
LBR,2020,0.5624,0.08333333333333333,0.22159466,0.23014884,-0.008554179999999995
LBR,2021,0.47862857142857146,0.3783783783783784,0.23014884,0.1263806,0.10376823999999998
LIE,2014,0.95665,0.11764705882352941,4.3442616,4.2745466,0.06971500000000042
LIE,2015,,0.0,4.2745466,3.9818761,0.29267049999999983
LIE,2016,0.9371,0.08333333333333333,3.9818761,4.108266,-0.1263899000000004
LIE,2017,0.9783,0.07142857142857142,4.108266,3.7416568,0.3666092000000005
LIE,2018,0.1461,0.14285714285714285,3.7416568,3.8708053,-0.1291484999999999
LIE,2019,0.44636,0.2777777777777778,3.8708053,3.661295,0.20951029999999982
LIE,2020,0.5995,0.125,3.661295,3.8647652,-0.20347019999999993
LIE,2021,0.94135,0.2,3.8647652,0.00021177702,3.86455342298
LKA,2013,0.39585000000000004,0.2,0.6946442,0.83293056,-0.13828635999999994
LKA,2014,0.6083000000000001,0.19230769230769232,0.83293056,0.9293981,-0.09646754000000002
LKA,2015,0.1936,0.2,0.9293981,1.0745894,-0.14519130000000002
LKA,2016,0.78295,0.2,1.0745894,1.0708443,0.0037450999999999457
LKA,2017,0.6033499999999999,0.13333333333333333,1.0708443,0.97283787,0.09800643000000009
LKA,2018,-0.2823,0.21428571428571427,0.97283787,1.0263492,-0.05351133000000008
LKA,2019,0.35733333333333334,0.1111111111111111,1.0263492,0.9994752,0.026874000000000065
LKA,2020,-0.08952500000000001,0.08163265306122448,0.9994752,0.9544157,0.04505950000000003
LKA,2021,0.5368999999999999,0.45454545454545453,0.9544157,0.081377044,0.873038656
LSO,2013,0.5906166666666667,0.3157894736842105,1.1253744,1.1803837,-0.05500929999999982
LSO,2014,0.007133333333333353,0.25,1.1803837,1.0584537,0.12192999999999987
LSO,2015,0.9246000000000001,0.10526315789473684,1.0584537,1.0322686,0.02618509999999996
LSO,2016,0.34640000000000004,0.17647058823529413,1.0322686,1.1579648,-0.12569619999999992
LSO,2017,0.34195,0.19047619047619047,1.1579648,1.0785148,0.07945000000000002
LSO,2018,,0.0,1.0785148,1.073333,0.005181799999999903
LSO,2019,0.65138,0.25,1.073333,0.9706939,0.1026391000000001
LSO,2020,-0.2552,0.05714285714285714,0.9706939,1.0003072,-0.029613299999999954
LSO,2021,0.6471,0.22857142857142856,1.0003072,0.05200511,0.94830209
LTU,2013,0.4967,0.5714285714285714,4.410545,4.376761,0.033783999999999814
LTU,2014,,0.0,4.376761,4.494177,-0.11741599999999952
LTU,2015,,0.0,4.494177,4.551006,-0.05682900000000046
LTU,2016,,0.0,4.551006,4.672769,-0.12176299999999962
LTU,2017,,0.0,4.672769,4.7603407,-0.0875717000000007
LTU,2018,,0.0,4.7603407,4.886943,-0.12660229999999917
LTU,2019,0.6105,0.05555555555555555,4.886943,4.8410826,0.04586039999999958
LTU,2020,0.923,0.03125,4.8410826,4.981188,-0.14010540000000038
LTU,2021,0.6968333333333333,0.13043478260869565,4.981188,0.0,4.981188
LVA,2013,,0.0,3.6271079,3.5662947,0.06081320000000012
LVA,2014,0.8799,0.06666666666666667,3.5662947,3.6457217,-0.07942700000000036
LVA,2015,0.8936000000000001,0.17647058823529413,3.6457217,3.653615,-0.007893299999999659
LVA,2016,0.71315,0.10526315789473684,3.653615,3.6907718,-0.03715679999999999
LVA,2017,,0.0,3.6907718,4.06036,-0.36958820000000037
LVA,2018,-0.296,0.047619047619047616,4.06036,3.9908507,0.0695093
LVA,2019,0.8576,0.1,3.9908507,3.686823,0.30402770000000023
LVA,2020,0.8481,0.034482758620689655,3.686823,3.877535,-0.190712
LVA,2021,0.5994,0.041666666666666664,3.877535,0.0038519022,3.8736830978
MAR,2013,0.40075,0.06896551724137931,1.6745714,1.6694084,0.005163000000000029
MAR,2014,0.46986666666666665,0.25,1.6694084,1.6866901,-0.017281700000000066
MAR,2015,0.45208333333333334,0.42857142857142855,1.6866901,1.6651102,0.021579900000000096
MAR,2016,0.8737,0.16666666666666666,1.6651102,1.7302388,-0.06512859999999998
MAR,2017,0.95545,0.14285714285714285,1.7302388,1.75381,-0.023571200000000125
MAR,2018,0.7994,0.043478260869565216,1.75381,1.8897853,-0.1359752999999999
MAR,2019,0.9493,0.05,1.8897853,1.7640363,0.1257490000000001
MAR,2020,0.05135,0.03773584905660377,1.7640363,1.9035642,-0.13952790000000004
MAR,2021,0.907275,0.0851063829787234,1.9035642,0.010665609,1.892898591
MDA,2013,0.31503333333333333,0.125,1.4340149,1.4255046,0.00851029999999997
MDA,2014,0.34,0.034482758620689655,1.4255046,1.4590147,-0.03351009999999999
MDA,2015,0.9569,0.05555555555555555,1.4590147,1.5204592,-0.0614444999999999
MDA,2016,0.9666,0.037037037037037035,1.5204592,1.6414043,-0.12094510000000014
MDA,2017,0.9169,0.058823529411764705,1.6414043,1.7332046,-0.09180030000000006
MDA,2018,0.85365,0.1111111111111111,1.7332046,1.7657733,-0.032568699999999895
MDA,2019,,0.0,1.7657733,1.7019565,0.0638167999999999
MDA,2020,0.8523000000000001,0.04878048780487805,1.7019565,1.8296566,-0.12770009999999998
MDA,2021,,0.0,1.8296566,0.3658072,1.4638494
MDG,2013,0.7269,0.07692307692307693,0.13598353,0.13040431,0.005579219999999996
MDG,2014,0.836,0.045454545454545456,0.13040431,0.12987387,0.0005304399999999931
MDG,2015,0.6754,0.09523809523809523,0.12987387,0.12813878,0.0017350899999999947
MDG,2016,0.6675,0.13333333333333333,0.12813878,0.15739256,-0.02925377999999998
MDG,2017,0.9146,0.1111111111111111,0.15739256,0.14237654,0.015016019999999991
MDG,2018,0.8684000000000001,0.08333333333333333,0.14237654,0.15613857,-0.013762030000000008
MDG,2019,0.28764999999999996,0.2,0.15613857,0.14173806,0.014400510000000005
MDG,2020,,0.0,0.14173806,0.146784,-0.005045939999999999
MDG,2021,-0.985,0.07142857142857142,0.146784,0.07951529,0.06726871
MDV,2013,0.4707,0.11428571428571428,2.7246325,3.1563015,-0.4316690000000003
MDV,2014,-0.99,0.047619047619047616,3.1563015,3.0113456,0.14495590000000025
MDV,2015,0.6847000000000001,0.125,3.0113456,3.1617982,-0.15045259999999994
MDV,2016,0.8365,0.1111111111111111,3.1617982,3.202953,-0.04115480000000016
MDV,2017,0.4775666666666667,0.08571428571428572,3.202953,3.553483,-0.35053
MDV,2018,,0.0,3.553483,3.870847,-0.317364
MDV,2019,-0.9081,0.047619047619047616,3.870847,4.006477,-0.13563000000000036
MDV,2020,0.6899500000000001,0.05263157894736842,4.006477,4.0619364,-0.05545939999999927
MDV,2021,0.40185000000000004,0.21052631578947367,4.0619364,0.0090291165,4.0529072835
MEX,2013,0.49803333333333333,0.13636363636363635,4.2244205,4.076545,0.1478754999999996
MEX,2014,0.3983,0.06666666666666667,4.076545,3.9910128,0.08553220000000028
MEX,2015,0.9702,0.0625,3.9910128,3.9482622,0.042750600000000194
MEX,2016,0.44505,0.26666666666666666,3.9482622,3.7904897,0.15777249999999965
MEX,2017,-0.014649999999999996,0.09523809523809523,3.7904897,3.8323855,-0.041895799999999817
MEX,2018,0.9771,0.08333333333333333,3.8323855,3.7749555,0.05743000000000009
MEX,2019,0.50752,0.2,3.7749555,3.1088214,0.6661340999999998
MEX,2020,,0.0,3.1088214,3.2138007,-0.10497930000000011
MEX,2021,0.7898666666666667,0.14285714285714285,3.2138007,1.3173709,1.8964298000000002
MKD,2013,0.9812,0.03333333333333333,3.696732,3.543404,0.1533279999999997
MKD,2014,0.12150000000000001,0.0625,3.543404,3.3303323,0.21307170000000042
MKD,2015,,0.0,3.3303323,3.3111875,0.01914479999999985
MKD,2016,0.3213333333333333,0.09375,3.3111875,3.553,-0.24181249999999999
MKD,2017,0.9729,0.05263157894736842,3.553,3.326816,0.22618399999999994
MKD,2018,,0.0,3.326816,3.7815452,-0.45472920000000006
MKD,2019,0.007999999999999988,0.21428571428571427,3.7815452,3.1498134,0.6317317999999998
MKD,2020,0.128,0.05263157894736842,3.1498134,3.25748,-0.10766659999999995
MKD,2021,0.6124,0.1111111111111111,3.25748,0.009932231,3.247547769
MLI,2013,0.3592,0.04081632653061224,0.1613378,0.17656335,-0.015225550000000004
MLI,2014,0.8721666666666668,0.08108108108108109,0.17656335,0.18056652,-0.00400317
MLI,2015,0.8392,0.0625,0.18056652,0.17844592,0.0021206000000000003
MLI,2016,0.9283666666666667,0.17647058823529413,0.17844592,0.18382406,-0.0053781400000000035
MLI,2017,0.9382,0.03125,0.18382406,0.18433651,-0.0005124499999999976
MLI,2018,0.9249,0.08333333333333333,0.18433651,0.187366,-0.003029489999999996
MLI,2019,0.886,0.043478260869565216,0.187366,0.18509024,0.0022757600000000155
MLI,2021,0.8855500000000001,0.047619047619047616,0.19035652,0.8410551,-0.65069858
MLT,2015,0.9207000000000001,0.1,3.647275,2.8999438,0.7473312000000001
MLT,2016,,0.0,2.8999438,3.1926084,-0.29266460000000016
MLT,2017,,0.0,3.1926084,3.1468256,0.04578280000000001
MLT,2018,,0.0,3.1468256,3.2745082,-0.12768259999999998
MLT,2019,0.9501,0.07692307692307693,3.2745082,3.103779,0.17072920000000025
MLT,2020,0.16645555555555555,0.08571428571428572,3.103779,3.273186,-0.16940700000000009
MLT,2021,0.31298,0.09433962264150944,3.273186,1.601932,1.671254
MMR,2013,-0.14186,0.18518518518518517,0.25118583,0.31033078,-0.059144949999999974
MMR,2014,0.9371,0.03125,0.31033078,0.42512554,-0.11479476000000005
MMR,2015,0.401525,0.14285714285714285,0.42512554,0.40738967,0.017735870000000042
MMR,2016,,0.0,0.40738967,0.4519188,-0.04452913000000003
MMR,2017,0.4951,0.05263157894736842,0.4519188,0.66045374,-0.20853494
MMR,2018,0.9325,0.0625,0.66045374,0.6525071,0.007946640000000005
MMR,2019,0.7783,0.043478260869565216,0.6525071,0.67552847,-0.02302137000000004
MMR,2020,,0.0,0.67552847,0.67487085,0.0006576200000000254
MNE,2013,0.36451428571428574,0.1794871794871795,3.3926408,3.3214514,0.07118940000000018
MNE,2014,0.81815,0.11764705882352941,3.3214514,3.5312514,-0.2098
MNE,2015,,0.0,3.5312514,3.1822429,0.34900850000000005
MNE,2016,0.5508,0.09090909090909091,3.1822429,3.3254054,-0.1431625000000003
MNE,2017,0.9657,0.11764705882352941,3.3254054,3.800595,-0.47518959999999977
MNE,2018,,0.0,3.800595,3.9290168,-0.12842179999999992
MNE,2019,0.9301,0.09523809523809523,3.9290168,3.8967185,0.03229829999999989
MNE,2020,,0.0,3.8967185,2.789471,1.1072475000000002
MNE,2021,0.9563,0.07692307692307693,2.789471,0.30663654,2.48283446
MOZ,2013,0.8413,0.11538461538461539,0.14184362,0.30418453,-0.16234091
MOZ,2014,0.5968,0.14285714285714285,0.30418453,0.23517631,0.06900822000000001
MOZ,2015,0.5450999999999999,0.13333333333333333,0.23517631,0.29459932,-0.05942301
MOZ,2016,0.7742333333333334,0.3333333333333333,0.29459932,0.24324323,0.05135608999999999
MOZ,2017,0.3040333333333333,0.13043478260869565,0.24324323,0.2406137,0.002629529999999991
MOZ,2018,0.9739,0.058823529411764705,0.2406137,0.23598108,0.004632620000000004
MOZ,2019,0.17896,0.19230769230769232,0.23598108,0.21391219,0.022068890000000008
MOZ,2020,0.11234999999999998,0.044444444444444446,0.21391219,0.2230942,-0.00918200999999999
MOZ,2021,-0.5886666666666667,0.15,0.2230942,0.24411763,-0.02102343000000001
MRT,2013,0.41942500000000005,0.12121212121212122,0.5794508,0.66778404,-0.08833323999999998
MRT,2014,0.4871,0.043478260869565216,0.66778404,0.7608522,-0.09306815999999996
MRT,2016,0.9451,0.0625,0.6483631,0.82209355,-0.17373044999999998
MRT,2018,,0.0,0.8580114,0.8608683,-0.002856900000000051
MRT,2019,0.88735,0.23529411764705882,0.8608683,0.8569948,0.003873500000000085
MRT,2020,0.8646499999999999,0.1,0.8569948,0.8923355,-0.0353407
MRT,2021,0.37045,0.1111111111111111,0.8923355,0.38352254,0.50881296
MUS,2013,0.06916153846153844,0.43333333333333335,3.1510391,3.2553463,-0.1043071999999996
MUS,2014,0.18510909090909092,0.28205128205128205,3.2553463,3.255544,-0.0001977000000001894
MUS,2015,,0.0,3.255544,3.3584309,-0.10288690000000011
MUS,2016,0.446025,0.16,3.3584309,3.5034227,-0.14499179999999967
MUS,2017,-0.8316,0.045454545454545456,3.5034227,3.4847126,0.01871009999999984
MUS,2018,0.0791,0.1,3.4847126,3.4879518,-0.0032391999999998866
MUS,2019,0.026033333333333315,0.13636363636363635,3.4879518,3.2426074,0.24534440000000002
MUS,2020,,0.0,3.2426074,3.4426038,-0.1999964000000003
MUS,2021,-0.12325,0.03773584905660377,3.4426038,0.0,3.4426038
MWI,2013,0.5230666666666667,0.375,0.07257999,0.061938625,0.010641365
MWI,2014,0.54625,0.3333333333333333,0.061938625,0.063246265,-0.0013076399999999988
MWI,2015,,0.0,0.063246265,0.068618685,-0.005372420000000003
MWI,2016,-0.037966666666666656,0.2,0.068618685,0.07607326,-0.007454575000000005
MWI,2017,0.08139999999999997,0.14285714285714285,0.07607326,0.085483655,-0.009410395000000002
MWI,2018,0.37073333333333336,0.14285714285714285,0.085483655,0.084429234,0.0010544209999999998
MWI,2019,-0.55055,0.09090909090909091,0.084429234,0.07594564,0.008483594000000011
MWI,2020,0.9477,0.038461538461538464,0.07594564,0.07803988,-0.002094240000000011
MWI,2021,-0.2825166666666667,0.25,0.07803988,0.0048424774,0.0731974026
NAM,2013,0.8056333333333333,0.2,1.1647576,1.639761,-0.4750034000000001
NAM,2014,0.4569857142857143,0.35,1.639761,1.6871638,-0.04740279999999997
NAM,2015,0.009799999999999994,0.13043478260869565,1.6871638,1.7436866,-0.056522799999999984
NAM,2016,0.38633333333333336,0.1875,1.7436866,1.7830753,-0.03938869999999994
NAM,2017,0.926,0.05555555555555555,1.7830753,1.7271277,0.055947599999999875
NAM,2018,,0.0,1.7271277,1.6786424,0.048485300000000064
NAM,2019,-0.13705,0.15384615384615385,1.6786424,1.5849687,0.09367370000000008
NAM,2020,,0.0,1.5849687,1.5867921,-0.0018234000000001416
NAM,2021,,0.0,1.5867921,5.32268,-3.7358879
NER,2013,,0.0,0.11100157,0.1159208,-0.0049192300000000105
NER,2014,0.4315333333333333,0.2727272727272727,0.1159208,0.109659605,0.006261195000000011
NER,2015,0.41806666666666664,0.11538461538461539,0.109659605,0.10260682,0.007052784999999992
NER,2016,0.25887,0.43478260869565216,0.10260682,0.103577554,-0.0009707340000000009
NER,2017,0.8658,0.04,0.103577554,0.0794017,0.024175853999999997
NER,2018,,0.0,0.0794017,0.10530145,-0.02589975
NER,2019,0.2759,0.15789473684210525,0.10530145,0.10238422,0.0029172300000000068
NER,2020,0.4588,0.03333333333333333,0.10238422,0.10687553,-0.004491309999999998
NER,2021,0.4325,0.16129032258064516,0.10687553,0.00084196444,0.10603356556
NGA,2013,0.4784,0.07142857142857142,0.66595894,0.68567616,-0.01971721999999998
NGA,2014,0.6482,0.19047619047619047,0.68567616,0.59366477,0.09201139000000003
NGA,2015,0.3135,0.11764705882352941,0.59366477,0.6198764,-0.02621163000000004
NGA,2016,0.93565,0.09090909090909091,0.6198764,0.582838,0.03703840000000003
NGA,2017,,0.0,0.582838,0.5304284,0.052409599999999945
NGA,2018,,0.0,0.5304284,0.6261749,-0.09574649999999996
NGA,2019,-0.32604999999999995,0.1,0.6261749,0.6248663,0.001308599999999993
NGA,2020,0.2991428571428571,0.14583333333333334,0.6248663,0.6419209,-0.01705460000000003
NGA,2021,-0.5423,0.04,0.6419209,0.7038033,-0.061882400000000004
NIC,2013,0.8134,0.046511627906976744,0.75259423,0.7642723,-0.011678069999999985
NIC,2014,0.0858,0.11764705882352941,0.7642723,0.8622463,-0.097974
NIC,2016,0.69435,0.1,0.8461333,0.84272456,0.003408740000000021
NIC,2017,0.95505,0.14285714285714285,0.84272456,0.7910878,0.05163675999999995
NIC,2018,0.4767,0.09090909090909091,0.7910878,0.78321993,0.007867869999999999
NIC,2019,-0.022699999999999998,0.16666666666666666,0.78321993,0.6745165,0.10870343000000005
NIC,2020,,0.0,0.6745165,0.7385937,-0.06407720000000006
NIC,2021,0.11085000000000003,0.09523809523809523,0.7385937,0.0077771954,0.7308165046
NPL,2013,0.52764,0.125,0.22708131,0.27642938,-0.049348069999999994
NPL,2014,0.035050000000000026,0.09523809523809523,0.27642938,0.25007516,0.026354219999999984
NPL,2015,0.3365,0.125,0.25007516,0.35033527,-0.10026010999999996
NPL,2016,0.18185,0.07407407407407407,0.35033527,0.4132759,-0.06294063
NPL,2017,-0.1749333333333333,0.0967741935483871,0.4132759,0.52034104,-0.10706514000000006
NPL,2018,0.46703333333333336,0.15,0.52034104,0.46573588,0.05460516000000004
NPL,2019,0.5911,0.06896551724137931,0.46573588,0.47513276,-0.009396879999999996
NPL,2020,-0.19811818181818183,0.11458333333333333,0.47513276,0.47188523,0.0032475299999999985
NPL,2021,0.6594,0.16,0.47188523,0.95263827,-0.48075304
PAK,2013,,0.0,0.7379293,0.7516356,-0.013706299999999949
PAK,2014,0.9522999999999999,0.08695652173913043,0.7516356,0.7887914,-0.03715580000000007
PAK,2015,0.4919,0.1111111111111111,0.7887914,0.91694945,-0.12815805000000002
PAK,2016,0.9546,0.05,0.91694945,0.9989776,-0.08202814999999997
PAK,2017,0.1045,0.034482758620689655,0.9989776,0.93323416,0.06574343999999999
PAK,2018,0.72815,0.05555555555555555,0.93323416,0.9228277,0.010406460000000006
PAK,2019,0.511,0.05,0.9228277,0.92599887,-0.003171170000000001
PAK,2020,0.13870000000000002,0.06818181818181818,0.92599887,0.99183357,-0.06583470000000002
PAK,2021,-0.03169999999999999,0.07575757575757576,0.99183357,1.327857,-0.33602343
PAN,2013,0.45135,0.12244897959183673,2.7510471,2.7914588,-0.04041169999999994
PAN,2014,0.455,0.2222222222222222,2.7914588,2.7263486,0.0651101999999999
PAN,2015,0.7239333333333334,0.21428571428571427,2.7263486,2.5926461,0.13370250000000006
PAN,2016,0.7134,0.09523809523809523,2.5926461,2.739981,-0.14733490000000016
PAN,2017,0.9403,0.05,2.739981,2.5851011,0.15487990000000007
PAN,2018,0.7936,0.08,2.5851011,3.1705666,-0.5854654999999998
PAN,2019,0.6997,0.125,3.1705666,2.7143223,0.4562442999999998
PAN,2020,-0.33335,0.05714285714285714,2.7143223,2.9949045,-0.2805822
PAN,2021,,0.0,2.9949045,0.0,2.9949045
PER,2013,0.31995,0.12121212121212122,1.4322767,1.6270809,-0.19480419999999987
PER,2014,0.32305,0.09090909090909091,1.6270809,1.6028944,0.02418649999999989
PER,2015,,0.0,1.6028944,1.6963995,-0.09350510000000001
PER,2016,,0.0,1.6963995,1.7000353,-0.003635799999999856
PER,2017,,0.0,1.7000353,1.7129294,-0.01289410000000002
PER,2018,,0.0,1.7129294,1.7572007,-0.044271300000000124
PER,2019,0.52865,0.07142857142857142,1.7572007,1.4258962,0.3313045000000001
PER,2020,-0.7964,0.03333333333333333,1.4258962,1.669323,-0.24342679999999994
PER,2021,-0.7958,0.05,1.669323,0.0009838055,1.6683391945
PHL,2013,0.43105000000000004,0.29411764705882354,0.9632471,1.0015633,-0.03831619999999991
PHL,2014,0.799725,0.09302325581395349,1.0015633,1.0914071,-0.08984380000000014
PHL,2015,0.05336666666666667,0.15789473684210525,1.0914071,1.1686072,-0.0772001
PHL,2016,-0.04185,0.09523809523809523,1.1686072,1.2661793,-0.09757209999999983
PHL,2017,-0.9168,0.024390243902439025,1.2661793,1.3063054,-0.040126100000000164
PHL,2018,,0.0,1.3063054,1.3157338,-0.009428400000000003
PHL,2019,-0.8528333333333333,0.11538461538461539,1.3157338,1.2092029,0.1065309000000001
PHL,2020,0.6242,0.013157894736842105,1.2092029,1.2668023,-0.05759939999999997
PHL,2021,0.017685714285714273,0.12280701754385964,1.2668023,0.045189332,1.2216129679999999
PNG,2013,0.6935571428571429,0.16666666666666666,0.6584857,0.7794687,-0.12098300000000006
PNG,2014,0.346125,0.13333333333333333,0.7794687,0.7490007,0.03046800000000005
PNG,2015,,0.0,0.7490007,0.7654302,-0.016429499999999986
PNG,2016,0.8495666666666667,0.2,0.7654302,0.709793,0.05563719999999994
PNG,2017,-0.6124,0.05,0.709793,0.80634075,-0.09654775000000004
PNG,2018,0.8014,0.07407407407407407,0.80634075,0.8257233,-0.01938255
PNG,2019,0.5848599999999999,0.15625,0.8257233,0.8538908,-0.0281674999999999
PNG,2020,0.31595,0.17543859649122806,0.8538908,0.85528,-0.0013892000000000904
PNG,2021,0.566415,0.23529411764705882,0.85528,0.041392382,0.8138876180000001
PRK,2013,0.80245,0.08,1.0804662,1.2156091,-0.13514289999999995
PRK,2014,0.7442500000000001,0.05,1.2156091,0.97488004,0.24072906000000005
PRK,2015,,0.0,0.97488004,1.085952,-0.11107196000000008
PRK,2016,,0.0,1.085952,2.0275576,-0.9416056000000002
PRK,2017,,0.0,2.0275576,1.8577725,0.16978510000000013
PRK,2018,,0.0,1.8577725,2.048663,-0.19089049999999985
PRK,2019,0.7845,0.09090909090909091,2.048663,2.1392303,-0.09056730000000002
PRK,2020,-0.7906,0.1111111111111111,2.1392303,2.170811,-0.03158070000000013
PRK,2021,-0.4939,0.04,2.170811,0.004601562,2.166209438
PRT,2013,0.91045,0.05405405405405406,4.602543,4.6064634,-0.003920400000000157
PRT,2014,0.6486,0.027777777777777776,4.6064634,5.042749,-0.4362855999999997
PRT,2016,,0.0,4.881782,5.3562975,-0.47451549999999987
PRT,2019,0.8534999999999999,0.1,4.6277156,4.0589566,0.568759
PRT,2020,-0.719,0.038461538461538464,4.0589566,3.9647021,0.09425450000000035
PRT,2021,-0.85,0.08333333333333333,3.9647021,0.14529002,3.8194120799999998
PRY,2013,0.9483,0.047619047619047616,0.8612127,0.8961541,-0.0349413999999999
PRY,2014,0.4767,0.045454545454545456,0.8961541,0.9789061,-0.08275200000000005
PRY,2015,0.802,0.041666666666666664,0.9789061,1.1415454,-0.16263930000000004
PRY,2016,0.11075000000000002,0.10526315789473684,1.1415454,1.2695866,-0.12804119999999997
PRY,2017,,0.0,1.2695866,1.3204619,-0.05087529999999996
PRY,2018,0.00545000000000001,0.10526315789473684,1.3204619,1.2625307,0.05793120000000007
PRY,2019,-0.9055,0.08695652173913043,1.2625307,1.2137206,0.048810099999999856
PRY,2020,0.4019,0.05555555555555555,1.2137206,1.2793584,-0.06563779999999997
PRY,2021,-0.2247,0.058823529411764705,1.2793584,0.0011801276,1.2781782724
ROU,2013,0.3591333333333333,0.10344827586206896,3.9333878,3.9234908,0.009897000000000045
ROU,2014,,0.0,3.9234908,3.9182136,0.005277200000000093
ROU,2015,0.9387,0.06666666666666667,3.9182136,3.8898997,0.028313900000000114
ROU,2016,0.37487499999999996,0.25,3.8898997,4.06333,-0.1734302999999997
ROU,2017,,0.0,4.06333,4.10655,-0.0432200000000007
ROU,2018,0.9531,0.1111111111111111,4.10655,3.9453893,0.16116070000000038
ROU,2019,-0.1531,0.125,3.9453893,3.8132834,0.1321059
ROU,2020,0.25585,0.125,3.8132834,4.104127,-0.2908436000000001
ROU,2021,,0.0,4.104127,0.00032591255,4.10380108745
RWA,2013,0.02827142857142855,0.4666666666666667,0.070466645,0.072758816,-0.0022921710000000095
RWA,2014,,0.0,0.072758816,0.083328016,-0.0105692
RWA,2015,,0.0,0.083328016,0.08959021,-0.006262193999999999
RWA,2016,0.75615,0.3333333333333333,0.08959021,0.095476225,-0.0058860149999999944
RWA,2017,0.7841,0.16666666666666666,0.095476225,0.10224078,-0.006764555000000005
RWA,2018,,0.0,0.10224078,0.14118028,-0.03893949999999999
RWA,2019,0.9297,0.2,0.14118028,0.12641333,0.014766950000000001
RWA,2020,0.4916,0.3076923076923077,0.12641333,0.13033324,-0.003919909999999999
RWA,2021,0.11961999999999999,0.21739130434782608,0.13033324,0.6505682,-0.52023496
SDN,2013,,0.0,0.47256225,0.4738943,-0.0013320499999999735
SDN,2014,0.10787500000000003,0.19047619047619047,0.4738943,0.55511844,-0.08122414
SDN,2015,0.875,0.05,0.55511844,0.50886613,0.04625230999999996
SDN,2016,0.2202,0.125,0.50886613,0.55141777,-0.04255164
SDN,2017,,0.0,0.55141777,0.5205905,0.030827270000000073
SDN,2018,,0.0,0.5205905,0.507772,0.012818499999999955
SDN,2019,,0.0,0.507772,0.45083907,0.05693292999999999
SDN,2020,,0.0,0.45083907,0.46078634,-0.009947270000000008
SDN,2021,0.2533,0.045454545454545456,0.46078634,1.0855243,-0.62473796
SEN,2013,-0.9518,0.041666666666666664,0.5775902,0.62449276,-0.04690255999999993
SEN,2014,,0.0,0.62449276,0.68579584,-0.061303080000000065
SEN,2015,0.9274,0.1,0.68579584,0.67896795,0.006827890000000059
SEN,2016,,0.0,0.67896795,0.7098746,-0.030906650000000035
SEN,2017,0.5986,0.14285714285714285,0.7098746,0.7274772,-0.017602600000000024
SEN,2018,0.9469000000000001,0.11764705882352941,0.7274772,0.79755205,-0.07007484999999991
SEN,2019,0.8176,0.06666666666666667,0.79755205,0.7753579,0.022194149999999913
SEN,2020,0.0959,0.11475409836065574,0.7753579,0.8057197,-0.030361799999999994
SEN,2021,0.20310000000000003,0.1111111111111111,0.8057197,0.006653097,0.799066603
SLE,2013,0.224975,0.12903225806451613,0.14466894,0.15547383,-0.010804890000000011
SLE,2014,0.0,0.030303030303030304,0.15547383,0.14281224,0.01266159
SLE,2015,-0.459175,0.19047619047619047,0.14281224,0.15352397,-0.010711730000000003
SLE,2016,0.26265000000000005,0.10526315789473684,0.15352397,0.13744348,0.016080490000000003
SLE,2018,0.923925,0.14814814814814814,0.13190104,0.14798374,-0.016082700000000005
SLE,2019,0.051700000000000024,0.17391304347826086,0.14798374,0.14773816,0.00024557999999999525
SLE,2020,0.55095,0.0625,0.14773816,0.15431175,-0.00657358999999999
SLE,2021,0.8316,0.0625,0.15431175,0.0,0.15431175
SLV,2013,0.6444,0.0625,0.9852612,0.99059945,-0.0053382500000001
SLV,2014,0.4635666666666667,0.14285714285714285,0.99059945,1.0700842,-0.07948474999999988
SLV,2015,-0.7964,0.07692307692307693,1.0700842,1.0552406,0.014843599999999846
SLV,2016,0.6992,0.11764705882352941,1.0552406,0.9526126,0.10262800000000005
SLV,2017,0.00495000000000001,0.125,0.9526126,1.0212243,-0.06861170000000005
SLV,2018,0.9097,0.1,1.0212243,1.1819563,-0.16073199999999987
SLV,2019,0.5632,0.041666666666666664,1.1819563,1.0330923,0.14886399999999989
SLV,2020,,0.0,1.0330923,1.1409876,-0.10789530000000003
SLV,2021,-0.802,0.025,1.1409876,0.048553165,1.0924344350000001
SOM,2013,0.4019,0.03571428571428571,0.049033917,0.047351178,0.0016827390000000025
SOM,2014,,0.0,0.047351178,0.04578699,0.001564188000000001
SOM,2015,,0.0,0.04578699,0.044605248,0.0011817419999999995
SOM,2016,,0.0,0.044605248,0.042890634,0.0017146140000000032
SOM,2017,-0.5696,0.0625,0.042890634,0.041368622,0.0015220119999999962
SOM,2018,0.9595,0.05555555555555555,0.041368622,0.039892595,0.0014760269999999978
SOM,2019,-0.43634999999999996,0.17391304347826086,0.039892595,0.03496785,0.004924745000000001
SOM,2020,0.9481,0.08333333333333333,0.03496785,0.035766363,-0.0007985130000000007
SOM,2021,0.21130000000000004,0.13333333333333333,0.035766363,0.0050736433,0.030692719700000003
SRB,2014,0.37582000000000004,0.09615384615384616,4.9321513,5.8218513,-0.8896999999999995
SRB,2021,0.6081000000000001,0.08333333333333333,4.2304993,0.15935631,4.07114299
SSD,2013,,0.0,0.1299848,0.13593018,-0.00594538
SSD,2014,0.29136666666666666,0.08108108108108109,0.13593018,0.17085552,-0.03492534
SSD,2015,,0.0,0.17085552,0.15396188,0.016893640000000015
SSD,2016,,0.0,0.15396188,0.13647744,0.01748443999999999
SSD,2017,,0.0,0.13647744,0.14415856,-0.007681119999999986
SSD,2018,,0.0,0.14415856,0.1581657,-0.014007140000000001
SSD,2019,0.9337,0.05263157894736842,0.1581657,0.14131655,0.01684914999999998
SSD,2021,0.7862999999999999,0.09375,0.14719196,0.0002809471,0.1469110129
SUR,2015,0.2257,0.25,4.186436,4.040111,0.14632500000000004
SUR,2016,0.8084666666666666,0.23076923076923078,4.040111,3.5933018,0.4468091999999997
SUR,2017,0.88435,0.058823529411764705,3.5933018,3.148706,0.4445958000000001
SUR,2018,,0.0,3.148706,4.469178,-1.3204720000000005
SUR,2019,0.9259,0.045454545454545456,4.469178,4.295461,0.1737169999999999
SUR,2020,0.25195,0.10526315789473684,4.295461,4.5566983,-0.26123729999999945
SUR,2021,0.9407,0.08333333333333333,4.5566983,0.011093442,4.545604858
SWE,2013,0.4064625,0.3076923076923077,4.7001395,4.4604154,0.2397241000000001
SWE,2014,0.9935,0.045454545454545456,4.4604154,4.4410806,0.01933479999999932
SWE,2015,0.21846666666666667,0.21428571428571427,4.4410806,4.361959,0.07912160000000057
SWE,2016,0.8519,0.0625,4.361959,4.2457175,0.11624150000000011
SWE,2017,0.6575888888888889,0.32142857142857145,4.2457175,4.142262,0.10345549999999992
SWE,2018,0.9285,0.1875,4.142262,3.9913132,0.15094879999999966
SWE,2019,0.5696857142857142,0.2413793103448276,3.9913132,3.5215755,0.46973770000000004
SWE,2020,0.8896,0.06060606060606061,3.5215755,3.4249187,0.09665679999999988
SWE,2021,0.7127166666666667,0.1276595744680851,3.4249187,0.059032958,3.365885742
SWZ,2013,0.7269,0.037037037037037035,1.2515529,0.68341696,0.5681359400000001
SWZ,2014,0.3760666666666667,0.23076923076923078,0.68341696,0.7657965,-0.08237954000000003
SWZ,2015,0.9662999999999999,0.25,0.7657965,0.92359316,-0.15779666000000003
SWZ,2016,0.3948666666666667,0.25,0.92359316,0.85601753,0.06757563
SWZ,2017,0.060350000000000015,0.10526315789473684,0.85601753,0.89040095,-0.03438341999999994
SWZ,2018,0.7249333333333333,0.13636363636363635,0.89040095,0.95858824,-0.06818729000000001
SWZ,2019,-0.31973333333333337,0.16666666666666666,0.95858824,0.89782774,0.060760499999999995
SWZ,2020,,0.0,0.89782774,0.91188765,-0.014059910000000064
SWZ,2021,0.5818333333333333,0.13043478260869565,0.91188765,0.000623873,0.911263777
SYC,2013,0.77715,0.07142857142857142,4.2802854,4.6727066,-0.39242119999999936
SYC,2014,0.7883,0.06060606060606061,4.6727066,5.0201893,-0.3474827000000005
SYR,2013,,0.0,1.582335,1.5404894,0.04184560000000004
SYR,2014,,0.0,1.5404894,1.4884069,0.05208250000000003
SYR,2015,,0.0,1.4884069,1.5293263,-0.04091939999999994
SYR,2016,,0.0,1.5293263,1.7179925,-0.18866620000000012
SYR,2017,,0.0,1.7179925,1.5636046,0.15438790000000013
SYR,2018,,0.0,1.5636046,1.3672318,0.1963727999999998
SYR,2019,,0.0,1.3672318,1.2593428,0.10788900000000012
SYR,2020,,0.0,1.2593428,1.2661933,-0.006850500000000093
SYR,2021,,0.0,1.2661933,0.0013753846,1.2648179154
TCD,2013,-0.588,0.08695652173913043,0.11235257,0.13555244,-0.023199869999999997
TCD,2014,,0.0,0.13555244,0.11915311,0.01639932999999999
TCD,2015,0.0772,0.047619047619047616,0.11915311,0.1381128,-0.01895969
TCD,2016,-0.017333333333333367,0.15789473684210525,0.1381128,0.13111766,0.006995140000000011
TCD,2017,-0.7845,0.047619047619047616,0.13111766,0.12860341,0.0025142499999999957
TCD,2018,0.743,0.034482758620689655,0.12860341,0.11919735,0.009406060000000008
TCD,2019,-0.12260000000000001,0.28,0.11919735,0.10827454,0.010922809999999991
TCD,2021,0.6597,0.02,0.11291891,0.17841984,-0.06550093
TGO,2013,0.5215125,0.2,0.23114227,0.21155563,0.019586640000000016
TGO,2014,0.9062,0.0625,0.21155563,0.24933536,-0.03777973000000001
TGO,2015,0.34390000000000004,0.21428571428571427,0.24933536,0.3017712,-0.05243584000000001
TGO,2018,,0.0,0.27438483,0.26749972,0.006885110000000028
TGO,2019,0.9311499999999999,0.125,0.26749972,0.26575908,0.0017406400000000155
TGO,2020,0.9152,0.1111111111111111,0.26575908,0.27091572,-0.005156640000000046
TGO,2021,0.38753333333333334,0.1875,0.27091572,0.14700395,0.12391177000000003
THA,2013,0.4678,0.07407407407407407,4.1731873,4.0877085,0.08547880000000063
THA,2014,,0.0,4.0877085,4.117252,-0.029543499999999945
THA,2015,0.938575,0.21052631578947367,4.117252,4.08616,0.03109200000000012
THA,2016,0.9390000000000001,0.11764705882352941,4.08616,4.133732,-0.047572000000000614
THA,2017,,0.0,4.133732,3.966176,0.16755600000000026
THA,2018,-0.1779,0.058823529411764705,3.966176,4.070233,-0.10405700000000007
THA,2019,-0.0010000000000000009,0.14285714285714285,4.070233,3.8805997,0.18963330000000012
THA,2020,,0.0,3.8805997,3.889545,-0.008945300000000156
THA,2021,0.5469,0.14285714285714285,3.889545,0.01833923,3.87120577
TJK,2013,0.200475,0.125,0.35726085,0.55247736,-0.19521651
TJK,2014,0.3475,0.32142857142857145,0.55247736,0.6220367,-0.06955933999999997
TJK,2015,0.8625,0.05263157894736842,0.6220367,0.73768955,-0.11565285000000003
TJK,2016,0.9336,0.08333333333333333,0.73768955,0.88043183,-0.14274228
TJK,2017,0.7078333333333333,0.15,0.88043183,0.99782705,-0.11739522000000002
TJK,2018,0.03469999999999999,0.16666666666666666,0.99782705,1.0530323,-0.05520524999999987
TJK,2019,,0.0,1.0530323,0.9885607,0.06447159999999996
TJK,2020,0.2747833333333333,0.07058823529411765,0.9885607,1.060136,-0.07157530000000001
TJK,2021,0.34521666666666667,0.07792207792207792,1.060136,0.06528794,0.9948480599999999
TLS,2013,0.7079333333333334,0.1111111111111111,0.4573857,0.4793213,-0.0219356
TLS,2014,0.4947333333333333,0.10714285714285714,0.4793213,0.45578867,0.02353263
TLS,2015,0.9587333333333333,0.17647058823529413,0.45578867,0.48172417,-0.0259355
TLS,2016,0.835625,0.17391304347826086,0.48172417,0.5098557,-0.028131530000000016
TLS,2018,0.52845,0.11764705882352941,0.5023355,0.5351027,-0.032767199999999996
TLS,2019,0.2724166666666667,0.3,0.5351027,0.5528247,-0.017721999999999904
TLS,2020,0.223375,0.14814814814814814,0.5528247,0.5574256,-0.004600900000000019
TON,2013,0.719475,0.21052631578947367,1.060492,1.0651263,-0.00463429999999998
TON,2014,0.4117,0.14285714285714285,1.0651263,1.1046542,-0.03952789999999995
TON,2015,0.671025,0.25,1.1046542,1.1783468,-0.0736926
TON,2016,,0.0,1.1783468,1.2858579,-0.10751110000000019
TON,2017,,0.0,1.2858579,1.2890736,-0.0032156999999999325
TON,2018,,0.0,1.2890736,1.5359025,-0.2468288999999999
TON,2019,0.9595,0.06666666666666667,1.5359025,1.6163967,-0.08049419999999996
TON,2020,,0.0,1.6163967,1.6490842,-0.03268749999999998
TON,2021,0.73035,0.09090909090909091,1.6490842,0.07745973,1.57162447
TUN,2013,,0.0,2.4407015,2.5083778,-0.06767630000000002
TUN,2014,,0.0,2.5083778,2.6186612,-0.11028340000000014
TUN,2015,0.9728,0.125,2.6186612,2.5569835,0.06167770000000017
TUN,2016,,0.0,2.5569835,2.5810575,-0.02407400000000015
TUN,2017,0.9393,0.05263157894736842,2.5810575,2.5137715,0.06728600000000018
TUN,2018,,0.0,2.5137715,2.4652345,0.04853699999999961
TUN,2019,0.90465,0.1,2.4652345,2.2676299,0.19760460000000002
TUN,2020,,0.0,2.2676299,2.575461,-0.3078310999999996
TUN,2021,,0.0,2.575461,0.012982571,2.5624784289999996
TUR,2013,,0.0,4.5334325,4.6582603,-0.12482780000000027
TUR,2014,-0.9875,0.05263157894736842,4.6582603,4.825473,-0.16721269999999944
TUR,2015,,0.0,4.825473,5.002561,-0.17708800000000036
TUR,2019,-0.9359999999999999,0.03773584905660377,4.8120704,4.9139,-0.1018296000000003
TUR,2020,0.29779999999999995,0.02962962962962963,4.9139,5.263368,-0.3494679999999999
TZA,2013,0.2953875,0.19047619047619047,0.20121343,0.19479121,0.006422220000000006
TZA,2014,0.621875,0.17391304347826086,0.19479121,0.2024101,-0.007618890000000017
TZA,2015,0.9771,0.07692307692307693,0.2024101,0.1997983,0.0026117999999999975
TZA,2016,0.5812333333333334,0.125,0.1997983,0.20265901,-0.0028607099999999885
TZA,2017,0.51378,0.22727272727272727,0.20265901,0.20290957,-0.0002505600000000108
TZA,2018,-0.6597,0.037037037037037035,0.20290957,0.21785387,-0.014944299999999994
TZA,2019,,0.0,0.21785387,0.19924279,0.018611080000000002
TZA,2020,,0.0,0.19924279,0.20536575,-0.006122960000000011
TZA,2021,0.2911,0.1111111111111111,0.20536575,0.0022618594,0.2031038906
UGA,2013,-0.8356666666666667,0.1875,0.10644032,0.11254967,-0.0061093499999999995
UGA,2014,,0.0,0.11254967,0.120754786,-0.008205115999999998
UGA,2015,0.8310000000000001,0.5,0.120754786,0.123586535,-0.0028317489999999945
UGA,2016,0.0557,0.6,0.123586535,0.13399649,-0.010409954999999999
UGA,2017,,0.0,0.13399649,0.13563222,-0.001635730000000002
UGA,2018,0.8801,0.1,0.13563222,0.13997535,-0.004343130000000001
UGA,2019,0.28954,0.17857142857142858,0.13997535,0.12401825,0.015957100000000002
UGA,2021,0.6086666666666667,0.18181818181818182,0.12606297,0.00028903253,0.12577393746999999
UKR,2015,,0.0,4.975796,5.219492,-0.2436959999999999
UKR,2017,,0.0,4.995539,5.2123866,-0.21684760000000036
UKR,2020,0.1027,0.02702702702702703,4.7128844,4.6370573,0.0758270999999997
UKR,2021,0.4493,0.0625,4.6370573,0.0870357,4.5500216
URY,2013,-0.023150000000000004,0.2962962962962963,2.2159002,1.9708116,0.2450886000000001
URY,2014,,0.0,1.9708116,1.9813055,-0.010493899999999945
URY,2015,,0.0,1.9813055,1.9102731,0.0710324
URY,2016,,0.0,1.9102731,1.8007609,0.10951219999999995
URY,2017,-0.9399,0.03571428571428571,1.8007609,1.9173871,-0.11662620000000001
URY,2018,0.0012999999999999678,0.25,1.9173871,1.8929877,0.02439940000000007
URY,2019,0.07241249999999999,0.25,1.8929877,1.8362468,0.05674089999999987
URY,2020,0.46585714285714286,0.1590909090909091,1.8362468,1.9665356,-0.13028879999999998
URY,2021,,0.0,1.9665356,0.00022730493,1.9663082950700002
UZB,2013,0.0,0.09090909090909091,3.7473264,3.5274768,0.21984959999999987
UZB,2014,0.0,0.1111111111111111,3.5274768,3.3504968,0.17697999999999992
UZB,2016,,0.0,3.5016394,3.4098747,0.09176470000000014
UZB,2017,,0.0,3.4098747,3.5890794,-0.1792047000000001
UZB,2018,,0.0,3.5890794,3.6024542,-0.013374799999999798
UZB,2020,-0.2744666666666667,0.10843373493975904,3.5267365,3.5688467,-0.042110199999999764
UZB,2021,0.9719,0.06666666666666667,3.5688467,0.589145,2.9797016999999997
VEN,2016,-0.019266666666666692,0.12,4.9569955,4.5932336,0.3637619000000001
VEN,2017,-0.4019,0.03125,4.5932336,3.4424012,1.1508323999999996
VEN,2018,,0.0,3.4424012,3.0758011,0.3666000999999999
VEN,2019,,0.0,3.0758011,2.6839678,0.39183330000000005
VEN,2020,0.905,0.043478260869565216,2.6839678,2.8279076,-0.14393980000000006
VEN,2021,0.4725,0.06896551724137931,2.8279076,0.018991606,2.808915994
VNM,2013,-0.07893999999999998,0.2,1.6785437,2.0148401,-0.3362963999999997
VNM,2014,0.098,0.1111111111111111,2.0148401,2.3617034,-0.3468633000000003
VNM,2015,0.92715,0.3333333333333333,2.3617034,2.4278777,-0.06617429999999969
VNM,2016,0.9246,0.15384615384615385,2.4278777,2.4782856,-0.05040790000000017
VNM,2017,0.30535,0.2222222222222222,2.4782856,2.8891642,-0.4108786000000002
VNM,2018,-0.38959999999999995,0.09523809523809523,2.8891642,3.560416,-0.6712517999999998
VNM,2019,-0.0772,0.047619047619047616,3.560416,3.403044,0.15737200000000007
VNM,2020,,0.0,3.403044,3.344827,0.05821699999999996
VNM,2021,0.017600000000000005,0.10526315789473684,3.344827,1.3591512,1.9856758
WSM,2013,0.3715,0.06060606060606061,0.9711931,0.9987659,-0.027572799999999953
WSM,2014,-0.003688888888888902,0.1875,0.9987659,1.1158332,-0.11706729999999999
WSM,2015,0.48996000000000006,0.4166666666666667,1.1158332,1.1585968,-0.04276360000000001
WSM,2016,0.8316749999999999,0.17391304347826086,1.1585968,1.1822656,-0.023668800000000045
WSM,2017,-0.9747,0.037037037037037035,1.1822656,1.1356364,0.046629199999999926
WSM,2018,0.4749666666666667,0.13043478260869565,1.1356364,1.2794564,-0.14381999999999984
WSM,2019,-0.5862,0.09090909090909091,1.2794564,1.3313901,-0.05193369999999997
WSM,2020,-0.04685,0.07142857142857142,1.3313901,1.3441752,-0.012785100000000105
WSM,2021,0.10101999999999997,0.15625,1.3441752,0.059034884,1.2851403160000001
YEM,2013,,0.0,1.0065371,0.95399684,0.052540260000000116
YEM,2014,,0.0,0.95399684,0.49387264,0.4601242
YEM,2015,,0.0,0.49387264,0.37239638,0.12147625999999995
YEM,2016,,0.0,0.37239638,0.3525499,0.01984648
YEM,2017,,0.0,0.3525499,0.34017542,0.012374480000000021
YEM,2018,,0.0,0.34017542,0.4020657,-0.06189028000000002
YEM,2019,,0.0,0.4020657,0.37604126,0.026024440000000038
YEM,2020,,0.0,0.37604126,0.3782891,-0.002247840000000001
YEM,2021,,0.0,0.3782891,1.0050611,-0.6267720000000001
ZMB,2013,0.7999333333333333,0.16666666666666666,0.2898698,0.30986276,-0.019992960000000004
ZMB,2014,0.8555,0.058823529411764705,0.30986276,0.3117247,-0.0018619400000000064
ZMB,2015,0.22896666666666665,0.1875,0.3117247,0.34932768,-0.03760297999999995
ZMB,2016,0.427425,0.19047619047619047,0.34932768,0.39558637,-0.04625869000000005
ZMB,2017,-0.08929999999999999,0.14285714285714285,0.39558637,0.4155687,-0.019982329999999993
ZMB,2018,,0.0,0.4155687,0.42148867,-0.005919969999999997
ZMB,2019,0.129625,0.2,0.42148867,0.3846562,0.036832470000000006
ZMB,2020,-0.34,0.0625,0.3846562,0.39419338,-0.009537179999999978
ZMB,2021,0.9686,0.041666666666666664,0.39419338,0.09764258,0.2965508
ZWE,2013,0.12208,0.17857142857142858,0.8610116,0.86217934,-0.0011677399999999727
ZWE,2014,0.34572,0.45454545454545453,0.86217934,0.8657724,-0.0035930600000000368
ZWE,2015,,0.0,0.8657724,0.72882223,0.13695016999999998
ZWE,2016,,0.0,0.72882223,0.65053254,0.07828968999999997
ZWE,2017,0.4190333333333333,0.2,0.65053254,0.7836386,-0.13310605999999992
ZWE,2018,0.4019,0.1,0.7836386,0.72386146,0.059777140000000006
ZWE,2019,-0.18443333333333334,0.1875,0.72386146,0.67697036,0.04689109999999996
ZWE,2020,,0.0,0.67697036,0.7062929,-0.029322540000000008
ZWE,2021,0.3593,0.12903225806451613,,,
